id,first_name,last_name,email,gender,ip_address,job_title,departement,year_experience
1,Kayne,De Zuani,kdezuani0@narod.ru,Male,143.225.212.141,Web Designer II,Services,46
2,Spense,Dunning,sdunning1@paginegialle.it,Non-binary,86.200.79.75,Quality Control Specialist,Sales,17
3,Hermine,Dealey,hdealey2@shutterfly.com,Non-binary,97.119.219.24,Assistant Manager,Business Development,24
4,Erin,Gabriel,egabriel3@wisc.edu,Female,157.56.179.254,Software Engineer II,Accounting,49
5,Arlen,Plackstone,aplackstone4@miibeian.gov.cn,Male,228.6.52.114,VP Accounting,Engineering,65
6,Shaun,Kite,skite5@privacy.gov.au,Male,223.60.11.42,Pharmacist,Research and Development,68
7,Estevan,Crimpe,ecrimpe6@statcounter.com,Male,95.145.127.112,Marketing Assistant,Accounting,30
8,Angeline,Brodeau,abrodeau7@vk.com,Female,132.16.59.40,Senior Sales Associate,Sales,71
9,Elissa,Kairns,ekairns8@slideshare.net,Female,72.65.198.92,Tax Accountant,Marketing,83
10,Mervin,Semmens,msemmens9@senate.gov,Male,231.193.26.126,Engineer III,Human Resources,86
