id,first_name,last_name,email,gender,ip_address,job_title,departement,year_experience
1,Jobi,McKie,jmckie0@buzzfeed.com,Female,212.136.46.34,Graphic Designer,Marketing,8
2,Rube,Spoerl,rspoerl1@issuu.com,Male,69.52.222.93,Account Representative I,Engineering,50
3,Thacher,Batterham,tbatterham2@yahoo.co.jp,Male,39.83.11.23,Chemical Engineer,Engineering,97
4,Sadella,Eckhard,seckhard3@cmu.edu,Female,151.201.16.97,Product Engineer,Research and Development,6
5,Lauralee,Risen,lrisen4@abc.net.au,Female,137.226.31.161,VP Marketing,Accounting,54
6,Ado,Coweuppe,acoweuppe5@amazon.com,Male,223.147.70.12,Account Executive,Research and Development,5
7,Brandon,Cullerne,bcullerne6@va.gov,Male,237.206.240.146,Electrical Engineer,Marketing,4
8,Alejoa,Fowley,afowley7@squidoo.com,Male,151.120.165.166,VP Marketing,Accounting,3
9,Sebastian,Warsop,swarsop8@list-manage.com,Male,28.244.107.117,Research Associate,Services,32
10,Tiphany,Jurczik,tjurczik9@hugedomains.com,Non-binary,162.55.164.96,Programmer III,Support,73
