id,first_name,last_name,email,gender,ip_address,job_title,departement,year_experience
1,Hobey,Ewestace,hewestace0@t-online.de,Male,185.81.249.182,Information Systems Manager,Business Development,83
2,Alvie,Gorusso,agorusso1@webnode.com,Male,219.59.104.143,Marketing Manager,Sales,17
3,Samaria,Paolo,spaolo2@apple.com,Female,39.154.229.41,Professor,Legal,15
4,Kain,Leppington,kleppington3@mlb.com,Male,50.59.74.130,Human Resources Manager,Legal,39
5,Wolfy,Kubicki,wkubicki4@hc360.com,Male,20.129.170.56,Desktop Support Technician,Accounting,58
6,Kimberlyn,Christall,kchristall5@macromedia.com,Female,8.229.218.64,Health Coach III,Engineering,95
7,Lorna,Redish,lredish6@irs.gov,Female,34.210.9.249,Associate Professor,Services,73
8,Luther,Burg,lburg7@scribd.com,Male,134.68.8.67,Research Associate,Training,78
9,Akim,Battista,abattista8@seattletimes.com,Male,142.37.231.194,Accounting Assistant II,Marketing,7
10,Betteanne,Paxeford,bpaxeford9@indiatimes.com,Genderfluid,185.219.187.49,Research Assistant I,Legal,88
